session_ids,item_names,responses,conditions
0,tire,"<bos><start_of_turn>user
For this task, you have to come up with original and creative uses for tire. The goal is to come up with creative ideas, which are ideas that strike people as clever, unusual, interesting, uncommon, humorous, innovative, or different. Your ideas don't have to be practical or realistic; they can be silly or strange, even, so long as they are creative uses rather than ordinary uses. You can type in FIVE ideas, but creative quality is more important than quantity. It's better to have a few really good ideas than a lot of uncreative ones.<end_of_turn>
## Tire Uses:

1. **Mobile Aquarium:** Tire filled with water and decorated with aquatic plants and tiny fish. 
2. **Giant Windsock:** Tire used as a giant windsock to capture wind and create colorful waves.
3. **Musical Instrument:** Tire repurposed into a drum or percussion instrument.
4. **Planter:** Tire transformed into a hanging planter for flowers or herbs.
5. **Interactive Mirror:** Tire used as a canvas for interactive art projected onto its surface.",base-input-prompt-only
1,tire,"<bos><start_of_turn>user
For this task, you have to come up with original and creative uses for tire. The goal is to come up with creative ideas, which are ideas that strike people as clever, unusual, interesting, uncommon, humorous, innovative, or different. Your ideas don't have to be practical or realistic; they can be silly or strange, even, so long as they are creative uses rather than ordinary uses. You can type in FIVE ideas, but creative quality is more important than quantity. It's better to have a few really good ideas than a lot of uncreative ones.<end_of_turn>
## Tire Uses:

1. **Tire Swing:** A swing made of a repurposed tire suspended from a tree, allowing people to swing back and forth.
2. **Mobile Tire Garden:** A tire filled with soil and planted with flowers, acting as a portable garden.
3. **Tire Drum:** A hollow tire used as a drum, creating unique rhythmic sounds.
4. **Tire Soap Dish:** A tire carved into a soap dish, offering a humorous way to wash your hands.
5. **Tire Mirror:** A reflective surface mounted on a tire, used as a portable mirror.",base-input-prompt-only
2,tire,"<bos><start_of_turn>user
For this task, you have to come up with original and creative uses for tire. The goal is to come up with creative ideas, which are ideas that strike people as clever, unusual, interesting, uncommon, humorous, innovative, or different. Your ideas don't have to be practical or realistic; they can be silly or strange, even, so long as they are creative uses rather than ordinary uses. You can type in FIVE ideas, but creative quality is more important than quantity. It's better to have a few really good ideas than a lot of uncreative ones.<end_of_turn>
## Tire Uses:

1. **Tire Swing:** A tire attached to a rope, suspended between two trees, can be used as a swing.
2. **Tire Rocket:** A hollow tire filled with explosives can be used as a rocket engine.
3. **Tire Cactus:** A tire filled with sharp cactus needles can be used as a weapon.
4. **Tire Bridge:** Two tires stacked on top of each other can be used as a bridge.
5. **Tire Fountain:** A tire filled with water can be used as a fountain.",base-input-prompt-only
3,tire,"<bos><start_of_turn>user
For this task, you have to come up with original and creative uses for tire. The goal is to come up with creative ideas, which are ideas that strike people as clever, unusual, interesting, uncommon, humorous, innovative, or different. Your ideas don't have to be practical or realistic; they can be silly or strange, even, so long as they are creative uses rather than ordinary uses. You can type in FIVE ideas, but creative quality is more important than quantity. It's better to have a few really good ideas than a lot of uncreative ones.<end_of_turn>
## Tire Uses:

1. **Tire Swing:** A tire suspended from a tree, serving as a giant swing for children.
2. **Mobile Tire Garden:** A tire filled with soil and planted with flowers, acting as a portable garden.
3. **Tire Cactus:** A tire carved into a cactus shape, used as a unique planter.
4. **Tire Mirror:** A reflective surface attached to a tire, acting as a portable mirror.
5. **Tire Bowling Ball:** A hollow tire filled with sand, used as a bowling ball.",base-input-prompt-only
4,tire,"<bos><start_of_turn>user
For this task, you have to come up with original and creative uses for tire. The goal is to come up with creative ideas, which are ideas that strike people as clever, unusual, interesting, uncommon, humorous, innovative, or different. Your ideas don't have to be practical or realistic; they can be silly or strange, even, so long as they are creative uses rather than ordinary uses. You can type in FIVE ideas, but creative quality is more important than quantity. It's better to have a few really good ideas than a lot of uncreative ones.<end_of_turn>
## Creative Uses for Tires:

1. **Tire Swing:** A giant tire swing for parks, where people can hang from the tire and enjoy a thrilling ride.
2. **Musical Tire:** A musical instrument made of a hollow tire, with strings attached to the sides to create different sounds.
3. **Tire Bowling:** A unique bowling game where tires are used as pins and the ball is a giant rubber ball.
4. **Tire Cactus:** A sculptural creation made of a tire and adorned with cactus plants.
5. **Tire Fountain:** A fountain made of a tire and water jets that spray water in different directions.",base-input-prompt-only
5,tire,"<bos><start_of_turn>user
For this task, you have to come up with original and creative uses for tire. The goal is to come up with creative ideas, which are ideas that strike people as clever, unusual, interesting, uncommon, humorous, innovative, or different. Your ideas don't have to be practical or realistic; they can be silly or strange, even, so long as they are creative uses rather than ordinary uses. You can type in FIVE ideas, but creative quality is more important than quantity. It's better to have a few really good ideas than a lot of uncreative ones.<end_of_turn>
## 5 Creative Uses for Tires:

1. **Tire Swing:** A giant tire swing made of multiple tires, where people can hang from the handles and swing back and forth. 
2. **Tire Cactus:** A tire carved into the shape of a cactus and filled with sand, used as a unique planter for small plants.
3. **Tire Bridge:** A bridge made of stacked tires, connecting two points and allowing pedestrians to cross over.
4. **Tire Fountain:** A fountain made of a tire filled with water, where water sprays out of the tire.
5. **Tire Mask:** A mask made of a tire, decorated with feathers, glitter, or other embellishments.",base-input-prompt-only
6,tire,"<bos><start_of_turn>user
For this task, you have to come up with original and creative uses for tire. The goal is to come up with creative ideas, which are ideas that strike people as clever, unusual, interesting, uncommon, humorous, innovative, or different. Your ideas don't have to be practical or realistic; they can be silly or strange, even, so long as they are creative uses rather than ordinary uses. You can type in FIVE ideas, but creative quality is more important than quantity. It's better to have a few really good ideas than a lot of uncreative ones.<end_of_turn>
## Creative Uses for Tires:

1. **Tire Swing:** A tire mounted on a frame, suspended from a tree, can be used as a swing for children.
2. **Tire Sandbox:** A hollowed-out tire filled with sand can serve as a sandbox for kids.
3. **Tire Mirror:** A reflective surface on the sidewall of a tire can be used as a mirror.
4. **Tire Fountain:** A tire filled with water can be used as a fountain.
5. **Tire Clock:** A tire with markings on its surface can be used as a clock.",base-input-prompt-only
7,tire,"<bos><start_of_turn>user
For this task, you have to come up with original and creative uses for tire. The goal is to come up with creative ideas, which are ideas that strike people as clever, unusual, interesting, uncommon, humorous, innovative, or different. Your ideas don't have to be practical or realistic; they can be silly or strange, even, so long as they are creative uses rather than ordinary uses. You can type in FIVE ideas, but creative quality is more important than quantity. It's better to have a few really good ideas than a lot of uncreative ones.<end_of_turn>
## Creative Uses for Tires

1. **Tire Swing:** A giant tire swing made of multiple tires, suspended from a tree, where people can swing back and forth.
2. **Tire Sandbox:** A sandbox filled with shredded tires, where children can play and dig.
3. **Tire Flower Pot:** A tire painted with flowers and used as a planter.
4. **Tire Bridge:** A bridge made of interconnected tires, crossing a river.
5. **Tire Bowling Ball:** A tire carved into a bowling ball shape and used as a bowling ball.",base-input-prompt-only
8,tire,"<bos><start_of_turn>user
For this task, you have to come up with original and creative uses for tire. The goal is to come up with creative ideas, which are ideas that strike people as clever, unusual, interesting, uncommon, humorous, innovative, or different. Your ideas don't have to be practical or realistic; they can be silly or strange, even, so long as they are creative uses rather than ordinary uses. You can type in FIVE ideas, but creative quality is more important than quantity. It's better to have a few really good ideas than a lot of uncreative ones.<end_of_turn>
## Creative Uses for Tires:

1. **Tire Swing:** A giant tire swing made of a large tire and a sturdy frame, perfect for kids (and adults!) to enjoy.
2. **Tire Mirror:** A reflective tire mounted on a frame, used as a unique and eye-catching mirror.
3. **Tire Fountain:** A fountain made of a tire and water jets, creating a watery spectacle.
4. **Tire Drum:** A drum made by hollowing out a tire and adding percussion instruments for a unique musical experience.
5. **Tire Playhouse:** A tire-shaped playhouse for children, built on wheels for portability.",base-input-prompt-only
9,tire,"<bos><start_of_turn>user
For this task, you have to come up with original and creative uses for tire. The goal is to come up with creative ideas, which are ideas that strike people as clever, unusual, interesting, uncommon, humorous, innovative, or different. Your ideas don't have to be practical or realistic; they can be silly or strange, even, so long as they are creative uses rather than ordinary uses. You can type in FIVE ideas, but creative quality is more important than quantity. It's better to have a few really good ideas than a lot of uncreative ones.<end_of_turn>
## Creative Uses for Tires

1. **Tire Swing:** A tire suspended from a tree, with a rope attached to the valve stem, can serve as a unique swing for children and adults.
2. **Tire Fountain:** A tire filled with water can be used as a fountain, spraying water high into the air.
3. **Tire Mirror:** A mirror mounted on a tire can be used to reflect images onto the road behind the car.
4. **Tire Clock:** A clock made from a tire and decorated with numbers can be used to display the time.
5. **Tire Drum:** A drum made from a tire can be used for percussion music.",base-input-prompt-only
0,pants,"<bos><start_of_turn>user
For this task, you have to come up with original and creative uses for pants. The goal is to come up with creative ideas, which are ideas that strike people as clever, unusual, interesting, uncommon, humorous, innovative, or different. Your ideas don't have to be practical or realistic; they can be silly or strange, even, so long as they are creative uses rather than ordinary uses. You can type in FIVE ideas, but creative quality is more important than quantity. It's better to have a few really good ideas than a lot of uncreative ones.<end_of_turn>
## 5 Creative Uses for Pants:

**1. Pant-powered parachute:** A rip-off of the parachute, but instead of a giant canopy, the pants are attached to a cord and deployed when the wearer needs to ascend.

**2. Interactive pants:** Equipped with sensors and LEDs, these pants light up and vibrate based on the wearer's movement, creating a unique dance performance.

**3. Modular pants:** Separate legs and pockets allow for customization, allowing the wearer to mix and match different styles and functionalities.

**4. Pants as a musical instrument:** The legs of the pants are hollow and resonate, creating a unique percussive sound when struck.

**5. Pant-integrated GPS:** Embedded GPS trackers in the pants guide the wearer through unfamiliar territory, leaving the need for separate navigation devices obsolete.",base-input-prompt-only
1,pants,"<bos><start_of_turn>user
For this task, you have to come up with original and creative uses for pants. The goal is to come up with creative ideas, which are ideas that strike people as clever, unusual, interesting, uncommon, humorous, innovative, or different. Your ideas don't have to be practical or realistic; they can be silly or strange, even, so long as they are creative uses rather than ordinary uses. You can type in FIVE ideas, but creative quality is more important than quantity. It's better to have a few really good ideas than a lot of uncreative ones.<end_of_turn>
## Creative Uses for Pants

1. **Sling shot pants:** Pants attached to a rope, used to sling shot small objects.
2. **Catapults:** Pants transformed into a makeshift catapult for launching small items.
3. **Living pants:** Pants used as a shelter or shelter component in extreme weather.
4. **Musical pants:** Pants incorporated into a musical instrument, like a drum or a bass.
5. **Interactive pants:** Pants with embedded sensors that interact with the wearer's movement, creating a unique dance experience.",base-input-prompt-only
2,pants,"<bos><start_of_turn>user
For this task, you have to come up with original and creative uses for pants. The goal is to come up with creative ideas, which are ideas that strike people as clever, unusual, interesting, uncommon, humorous, innovative, or different. Your ideas don't have to be practical or realistic; they can be silly or strange, even, so long as they are creative uses rather than ordinary uses. You can type in FIVE ideas, but creative quality is more important than quantity. It's better to have a few really good ideas than a lot of uncreative ones.<end_of_turn>
## 5 Creative Uses for Pants:

1. **Portable Hammock:** Turn pants into a lightweight, breathable hammock for relaxing in the park or enjoying a sunset. 
2. **Water Reservoir:** Convert pants into a portable water reservoir for carrying extra fluids on hikes or camping trips.
3. **Sling Shot:** Design pants with a built-in sling shot mechanism for launching small objects like pebbles or paper balls.
4. **Interactive Pants:** Create pants with embedded sensors that interact with the wearer's movement, changing color or texture based on their activity.
5. **Multifunctional Pants:** Design pants with detachable pockets and compartments that can be rearranged to accommodate various items, like tools, books, or even small pets.",base-input-prompt-only
3,pants,"<bos><start_of_turn>user
For this task, you have to come up with original and creative uses for pants. The goal is to come up with creative ideas, which are ideas that strike people as clever, unusual, interesting, uncommon, humorous, innovative, or different. Your ideas don't have to be practical or realistic; they can be silly or strange, even, so long as they are creative uses rather than ordinary uses. You can type in FIVE ideas, but creative quality is more important than quantity. It's better to have a few really good ideas than a lot of uncreative ones.<end_of_turn>
## 5 Creative Uses for Pants:

**1. Pants as a canvas:** Instead of painting on canvas, use pants as a canvas. Dye them with vibrant colors, patterns, or even portraits. You could even add embellishments like glitter, sequins, or embroidery.

**2. Pants as a musical instrument:** Turn pants into a musical instrument by attaching strings, bells, or other instruments to them. You could even create a unique percussion instrument by attaching metal rods or plates to the legs of your pants.

**3. Pants as a parachute:** Turn a pair of pants into a makeshift parachute by attaching a cord or rope to the waistband and letting the wind carry you.

**4. Pants as a tent:** Create a cozy tent by folding and layering pants. You could even add a waterproof lining to keep you dry.

**5. Pants as a puppet:** Craft a unique puppet by sculpting the legs and torso of pants into a character. You could even add facial features and accessories to complete the puppet.",base-input-prompt-only
4,pants,"<bos><start_of_turn>user
For this task, you have to come up with original and creative uses for pants. The goal is to come up with creative ideas, which are ideas that strike people as clever, unusual, interesting, uncommon, humorous, innovative, or different. Your ideas don't have to be practical or realistic; they can be silly or strange, even, so long as they are creative uses rather than ordinary uses. You can type in FIVE ideas, but creative quality is more important than quantity. It's better to have a few really good ideas than a lot of uncreative ones.<end_of_turn>
## Creative Uses for Pants:

1. **Airbag Pants:** A pair of pants with integrated airbags that inflate when the wearer encounters turbulence, creating a smooth and comfortable ride on airplanes.
2. **Holographic Pants:** Interactive pants that project holographic images of the wearer's surroundings, allowing them to interact with the virtual world.
3. **Musical Pants:** Pants that produce different musical notes depending on the wearer's movement, creating a unique musical expression.
4. **Self-Cleaning Pants:** Pants that have integrated vacuum cleaner technology to automatically clean the legs while walking, eliminating the need for manual dusting.
5. **Interactive Learning Pants:** Pants that connect to an app, providing interactive learning experiences based on the wearer's surroundings and movements.",base-input-prompt-only
5,pants,"<bos><start_of_turn>user
For this task, you have to come up with original and creative uses for pants. The goal is to come up with creative ideas, which are ideas that strike people as clever, unusual, interesting, uncommon, humorous, innovative, or different. Your ideas don't have to be practical or realistic; they can be silly or strange, even, so long as they are creative uses rather than ordinary uses. You can type in FIVE ideas, but creative quality is more important than quantity. It's better to have a few really good ideas than a lot of uncreative ones.<end_of_turn>
## Creative Uses for Pants:

1. **Portable Hammock:** Convert pants into a lightweight, breathable hammock for relaxing in the park, on the beach, or even in your living room. 

2. **Water Reservoir:** Turn pants into a portable water reservoir by attaching waterproof pouches or bladders to the legs. Fill the pouches with water and wear them as a makeshift water reservoir.

3. **Sling Shot:** Fashion a sling shot out of pants by attaching a pouch to the leg and a string to the pouch. Load the pouch with small objects and use it to launch projectiles.

4. **Mini Dress:** Repurpose a pair of pants into a mini dress by cutting them into a shorter length and adding embellishments like lace or sequins.

5. **Cat Bed:** Transform pants into a cozy cat bed by stuffing them with pillows and blankets. You can even add a personalized touch with cat-themed accessories.",base-input-prompt-only
6,pants,"<bos><start_of_turn>user
For this task, you have to come up with original and creative uses for pants. The goal is to come up with creative ideas, which are ideas that strike people as clever, unusual, interesting, uncommon, humorous, innovative, or different. Your ideas don't have to be practical or realistic; they can be silly or strange, even, so long as they are creative uses rather than ordinary uses. You can type in FIVE ideas, but creative quality is more important than quantity. It's better to have a few really good ideas than a lot of uncreative ones.<end_of_turn>
## 5 Creative Uses for Pants:

**1. Pants as a canvas:** Turn pants into a canvas for art by painting, dyeing, or decorating them. They can be worn as a statement piece or displayed as artwork.

**2. Pants as a musical instrument:** Create a musical instrument out of pants by attaching strings, bells, or other instruments. You could even use them as a drumskin.

**3. Pants as a shelter:** Construct a makeshift shelter from pants and other materials. It could be a cozy retreat for camping or a shelter for small animals.

**4. Pants as a parachute:** Turn pants into a makeshift parachute by attaching a cord or rope to them. You could use it to glide through the air.

**5. Pants as a boat:** Create a boat out of pants and other materials. You could use it to sail on water or even ride on land.",base-input-prompt-only
7,pants,"<bos><start_of_turn>user
For this task, you have to come up with original and creative uses for pants. The goal is to come up with creative ideas, which are ideas that strike people as clever, unusual, interesting, uncommon, humorous, innovative, or different. Your ideas don't have to be practical or realistic; they can be silly or strange, even, so long as they are creative uses rather than ordinary uses. You can type in FIVE ideas, but creative quality is more important than quantity. It's better to have a few really good ideas than a lot of uncreative ones.<end_of_turn>
## Creative Uses for Pants:

1. **A makeshift sail:** Fold a pair of pants into a triangular shape, add a rope or string to the top, and use the wind to sail across the waves.
2. **A makeshift tent:** Turn a pair of pants into a small tent by attaching poles or stakes. You can even add a waterproof layer for rainy weather.
3. **A musical instrument:** Stretch and bend a pair of pants to create a unique musical instrument that can produce different sounds.
4. **A parachute:** Turn a pair of pants into a parachute by attaching a cord or rope to the waistband and letting the wind carry you.
5. **A water reservoir:** Fill a pair of pants with water and use them as a portable water reservoir.",base-input-prompt-only
8,pants,"<bos><start_of_turn>user
For this task, you have to come up with original and creative uses for pants. The goal is to come up with creative ideas, which are ideas that strike people as clever, unusual, interesting, uncommon, humorous, innovative, or different. Your ideas don't have to be practical or realistic; they can be silly or strange, even, so long as they are creative uses rather than ordinary uses. You can type in FIVE ideas, but creative quality is more important than quantity. It's better to have a few really good ideas than a lot of uncreative ones.<end_of_turn>
## Creative Uses for Pants:

1. **A portable hammock:** Turn a pair of loose-fitting pants into a lightweight hammock for relaxing on the go. 
2. **A makeshift water reservoir:** Fill a pair of pants with water and wear them as a portable water source.
3. **A musical instrument:** Convert a pair of pants into a bass drum by attaching drumsticks to the legs and playing them with your feet.
4. **A makeshift shelter:** Construct a shelter out of a pair of pants and other materials, like cardboard and blankets.
5. **A portable garden:** Plant flowers or herbs in a pair of pants and use them as a portable garden.",base-input-prompt-only
9,pants,"<bos><start_of_turn>user
For this task, you have to come up with original and creative uses for pants. The goal is to come up with creative ideas, which are ideas that strike people as clever, unusual, interesting, uncommon, humorous, innovative, or different. Your ideas don't have to be practical or realistic; they can be silly or strange, even, so long as they are creative uses rather than ordinary uses. You can type in FIVE ideas, but creative quality is more important than quantity. It's better to have a few really good ideas than a lot of uncreative ones.<end_of_turn>
## Creative Uses for Pants:

1. **Sling Shot Pants:** Convert pants into a sling shot device by attaching a pouch to the legs and a string to the pouch. Fill the pouch with small objects and launch them with the string. 
2. **Musical Pants:** Attach bells or other musical instruments to your pants to create a percussion instrument. You can use this to accompany your dancing or singing.
3. **Tweedle Pants:** Turn pants into a makeshift shield by attaching Velcro or other fasteners to the legs and attaching a piece of fabric or other material to the fasteners.
4. **Pocket Rocket:** Create a portable rocket engine by attaching small rockets to the pockets of your pants. You can use this to propel yourself forward.
5. **Pants as a Mask:** Cut holes in the legs of your pants and wear them as a mask. You can use this to disguise yourself or to create a unique fashion statement.",base-input-prompt-only
0,shoe,"<bos><start_of_turn>user
For this task, you have to come up with original and creative uses for shoe. The goal is to come up with creative ideas, which are ideas that strike people as clever, unusual, interesting, uncommon, humorous, innovative, or different. Your ideas don't have to be practical or realistic; they can be silly or strange, even, so long as they are creative uses rather than ordinary uses. You can type in FIVE ideas, but creative quality is more important than quantity. It's better to have a few really good ideas than a lot of uncreative ones.<end_of_turn>
## Creative Shoe Uses

1. **Portable Mini Greenhouse:** Shoe-shaped greenhouse to cultivate miniature plants and herbs. 
2. **Interactive Shoe Display:** Shoe rack that illuminates different shoe compartments based on the user's footsteps, creating a dynamic visual display.
3. **Musical Footwear:** Vibraphone shoes that produce sounds based on the wearer's movement, creating a musical accompaniment.
4. **Shoe-Mounted Water Reservoir:** Portable water reservoir attached to shoes for hydration on the go.
5. **Interactive Shoe Painting:** Shoe canvases that connect to a mobile app, allowing users to paint designs on their shoes in real-time.",base-input-prompt-only
1,shoe,"<bos><start_of_turn>user
For this task, you have to come up with original and creative uses for shoe. The goal is to come up with creative ideas, which are ideas that strike people as clever, unusual, interesting, uncommon, humorous, innovative, or different. Your ideas don't have to be practical or realistic; they can be silly or strange, even, so long as they are creative uses rather than ordinary uses. You can type in FIVE ideas, but creative quality is more important than quantity. It's better to have a few really good ideas than a lot of uncreative ones.<end_of_turn>
## Shoe Ideas:

1. **High-Heeled Shoe Catapult:** A platform shoe with a spring-loaded heel that propels the wearer forward like a catapult.

2. **Interactive Shoe Display:** A holographic display integrated into the shoe that showcases personalized information, such as the wearer's favorite music or a map of their current location.

3. **Musical Shoe:** A shoe that incorporates musical instruments, such as bells or xylophone keys, to create unique sounds when worn.

4. **Swarm Shoe:** A shoe that attracts a swarm of tiny, harmless creatures, creating a mesmerizing visual effect.

5. **Flip-Flop Hopping Pad:** A platform flip-flop designed to be used on trampolines, offering extra bounce and stability.",base-input-prompt-only
2,shoe,"<bos><start_of_turn>user
For this task, you have to come up with original and creative uses for shoe. The goal is to come up with creative ideas, which are ideas that strike people as clever, unusual, interesting, uncommon, humorous, innovative, or different. Your ideas don't have to be practical or realistic; they can be silly or strange, even, so long as they are creative uses rather than ordinary uses. You can type in FIVE ideas, but creative quality is more important than quantity. It's better to have a few really good ideas than a lot of uncreative ones.<end_of_turn>
**Here are the five ideas:**
1. Shoe as a musical instrument
2. Shoe as a weapon
3. Shoe as a tool for navigation
4. Shoe as a storage container
5. Shoe as a portable shelter

**Please generate creative uses for the five ideas:**

**1. Shoe as a musical instrument:**

**2. Shoe as a weapon:**

**3. Shoe as a tool for navigation:**

**4. Shoe as a storage container:**

**5. Shoe as a portable shelter:**

**Additional notes:**

- You can use your imagination and creativity to come up with unique and unusual uses for each idea.
- Be creative and don't be afraid to think outside the box.
- Have fun and let your imagination run wild.",base-input-prompt-only
3,shoe,"<bos><start_of_turn>user
For this task, you have to come up with original and creative uses for shoe. The goal is to come up with creative ideas, which are ideas that strike people as clever, unusual, interesting, uncommon, humorous, innovative, or different. Your ideas don't have to be practical or realistic; they can be silly or strange, even, so long as they are creative uses rather than ordinary uses. You can type in FIVE ideas, but creative quality is more important than quantity. It's better to have a few really good ideas than a lot of uncreative ones.<end_of_turn>
## Creative Shoe Uses

1. **Interactive Shoe Display:** A shoe display that utilizes holographic projections to showcase virtual shoe designs and animations. 
2. **Musical Shoe:** Shoe equipped with sensors and actuators to produce music based on the wearer's movement and rhythm.
3. **Shoe-Mounted Mini Drone:** A shoe that integrates a miniature drone for aerial photography and navigation.
4. **Swarm Shoe:** A shoe that releases swarms of tiny drones to create intricate patterns and formations.
5. **Shoe-Integrated Gaming Controller:** A shoe that integrates with a controller to enable intuitive and immersive gaming experiences.",base-input-prompt-only
4,shoe,"<bos><start_of_turn>user
For this task, you have to come up with original and creative uses for shoe. The goal is to come up with creative ideas, which are ideas that strike people as clever, unusual, interesting, uncommon, humorous, innovative, or different. Your ideas don't have to be practical or realistic; they can be silly or strange, even, so long as they are creative uses rather than ordinary uses. You can type in FIVE ideas, but creative quality is more important than quantity. It's better to have a few really good ideas than a lot of uncreative ones.<end_of_turn>
**Here are five creative uses for shoes:**

1. **High-Heeled Rocket Launcher:** A pair of high-heeled shoes that can launch miniature rockets.
2. **Slingback Catapult:** A slingback shoe that can launch small objects.
3. **Interactive Shoe:** A shoe that can interact with other objects and surfaces, such as displaying information or changing colors.
4. **Musical Shoe:** A shoe that can play music.
5. **Shoe-Mounted Vacuum Cleaner:** A shoe that has a vacuum cleaner attachment to clean floors.",base-input-prompt-only
5,shoe,"<bos><start_of_turn>user
For this task, you have to come up with original and creative uses for shoe. The goal is to come up with creative ideas, which are ideas that strike people as clever, unusual, interesting, uncommon, humorous, innovative, or different. Your ideas don't have to be practical or realistic; they can be silly or strange, even, so long as they are creative uses rather than ordinary uses. You can type in FIVE ideas, but creative quality is more important than quantity. It's better to have a few really good ideas than a lot of uncreative ones.<end_of_turn>
**Here are the five ideas:**
1. Shoe as a musical instrument
2. Shoe as a storage container
3. Shoe as a weapon
4. Shoe as a portable shelter
5. Shoe as a prop for a play

**Please come up with creative uses for the shoe that are not listed above.**

**Bonus:** If you can come up with a creative name for your shoe creation, that's even better.

**Note:** This task is designed to spark your creativity and imagination. There are no rules or limitations, except for the ones mentioned above. So, let your imagination run wild and come up with the most creative uses for a shoe that you can imagine.

**Please share your creative shoe uses below:**

**Creative Shoe Uses:**

**Please include the name of your shoe creation if you have one:**

**Additional Comments:**

**(Optional)**

**Please include any additional information or thoughts you have:**

**Please note:** This task is not graded or evaluated. It is simply a creative exercise to spark your imagination. There are no right or wrong answers. The goal is to have fun and be creative.",base-input-prompt-only
6,shoe,"<bos><start_of_turn>user
For this task, you have to come up with original and creative uses for shoe. The goal is to come up with creative ideas, which are ideas that strike people as clever, unusual, interesting, uncommon, humorous, innovative, or different. Your ideas don't have to be practical or realistic; they can be silly or strange, even, so long as they are creative uses rather than ordinary uses. You can type in FIVE ideas, but creative quality is more important than quantity. It's better to have a few really good ideas than a lot of uncreative ones.<end_of_turn>
## Creative Shoe Uses

1. **Shoe-Mounted Bubble Wrap Dispenser:** Imagine shoes that have built-in compartments filled with bubble wrap. By squeezing the shoes, the bubble wrap pops out, creating instant cushioning for any surface.


2. **Interactive Shoe Display:** Interactive shoe displays that showcase personalized information about each pair. Users can interact with the display through touchscreens to learn about size, material, color, and even purchase the shoes.


3. **Slingback Shoe with Built-in GPS:** A slingback shoe with a built-in GPS tracker that helps users find their way back to their parked car.


4. **Musical Shoe:** Shoes that incorporate musical instruments into their design. They could include embedded drums, bells, or even a mini harmonica to create music while walking.


5. **Shoe-Mounted Projector:** Shoes that have a projector attached to them, allowing users to project images onto any surface.",base-input-prompt-only
7,shoe,"<bos><start_of_turn>user
For this task, you have to come up with original and creative uses for shoe. The goal is to come up with creative ideas, which are ideas that strike people as clever, unusual, interesting, uncommon, humorous, innovative, or different. Your ideas don't have to be practical or realistic; they can be silly or strange, even, so long as they are creative uses rather than ordinary uses. You can type in FIVE ideas, but creative quality is more important than quantity. It's better to have a few really good ideas than a lot of uncreative ones.<end_of_turn>
## Creative Shoe Uses:

1. **High-Heeled Hockey Pucks:** Blades made of sharpened high heels, allowing for gliding and stopping on ice.
2. **Musical Shoe Horns:** Horns attached to shoes that produce different sounds based on the wearer's movement.
3. **Interactive Shoe Lights:** Lights embedded in shoes that synchronize with music or the wearer's rhythm.
4. **Self-Cleaning Shoes:** Shoes equipped with miniature vacuum cleaners to keep dust away.
5. **Heels that Transform:** Platforms that can be adjusted to different heights, offering various heights in one shoe.",base-input-prompt-only
8,shoe,"<bos><start_of_turn>user
For this task, you have to come up with original and creative uses for shoe. The goal is to come up with creative ideas, which are ideas that strike people as clever, unusual, interesting, uncommon, humorous, innovative, or different. Your ideas don't have to be practical or realistic; they can be silly or strange, even, so long as they are creative uses rather than ordinary uses. You can type in FIVE ideas, but creative quality is more important than quantity. It's better to have a few really good ideas than a lot of uncreative ones.<end_of_turn>
## Creative Shoe Uses:

1. **Interactive Shoe Display:** A holographic display integrated into the shoe, showcasing personalized messages, maps, or even short videos. 

2. **Musical Footwear:** Shoes equipped with sensors that translate movement into music, creating a unique musical experience while walking.

3. **Switchable Platform:** Platforms attached to the soles of shoes that can be switched between different heights, offering customizable height adjustments.

4. **Solar-Powered Charging:** Shoe soles integrated with solar panels to charge electronic devices on the go.

5. **Interactive Shoe Game:** A game controller embedded in the shoe that interacts with a virtual reality game, creating an immersive gaming experience.",base-input-prompt-only
9,shoe,"<bos><start_of_turn>user
For this task, you have to come up with original and creative uses for shoe. The goal is to come up with creative ideas, which are ideas that strike people as clever, unusual, interesting, uncommon, humorous, innovative, or different. Your ideas don't have to be practical or realistic; they can be silly or strange, even, so long as they are creative uses rather than ordinary uses. You can type in FIVE ideas, but creative quality is more important than quantity. It's better to have a few really good ideas than a lot of uncreative ones.<end_of_turn>
## Shoe Uses:

1. **Shoe-phone:** A shoe that incorporates a miniature phone into its design, allowing you to answer calls hands-free while walking. The shoe would have a built-in speaker and microphone, and the caller ID would be displayed on the shoe's interface.


2. **Shoe-mounted espresso maker:** A shoe that integrates a small espresso maker into its design, allowing you to brew coffee on the go. The shoe would have a built-in grinder, tamp, and espresso portafilter, and the coffee would be brewed directly into the shoe's cup.


3. **Interactive shoe:** A shoe that interacts with its wearer, providing information, entertainment, and navigation. The shoe would have sensors to track the wearer's movement and location, and the shoe's interface would display information such as directions, music, and trivia.


4. **Shoe-activated alarm:** A shoe that activates an alarm when it is stolen or when the wearer is in danger. The shoe would have a GPS tracker and an accelerometer, and the alarm would sound if the shoe was removed from the wearer's foot or if the wearer experienced sudden movement or trauma.


5. **Shoe-mounted water fountain:** A shoe that incorporates a small water fountain into its design, allowing you to hydrate on the go. The shoe would have a reservoir and a pump, and the water would flow from the fountain into the shoe's mouth.",base-input-prompt-only
0,table,"<bos><start_of_turn>user
For this task, you have to come up with original and creative uses for table. The goal is to come up with creative ideas, which are ideas that strike people as clever, unusual, interesting, uncommon, humorous, innovative, or different. Your ideas don't have to be practical or realistic; they can be silly or strange, even, so long as they are creative uses rather than ordinary uses. You can type in FIVE ideas, but creative quality is more important than quantity. It's better to have a few really good ideas than a lot of uncreative ones.<end_of_turn>
## Creative Table Uses

1. **Tabletop Aquarium:** A transparent table with a built-in aquarium, where miniature marine creatures swim around.
2. **Musical Table:** A table that incorporates musical instruments into its design, allowing for impromptu jam sessions.
3. **Holographic Table:** A table with holographic projections that create illusions and interactive experiences.
4. **Interactive Table:** A table with integrated touchscreens and sensors, allowing for games, presentations, and collaborative work.
5. **Tabletop Observatory:** A table with a star map projection and telescope, for stargazing from the comfort of your home.",base-input-prompt-only
1,table,"<bos><start_of_turn>user
For this task, you have to come up with original and creative uses for table. The goal is to come up with creative ideas, which are ideas that strike people as clever, unusual, interesting, uncommon, humorous, innovative, or different. Your ideas don't have to be practical or realistic; they can be silly or strange, even, so long as they are creative uses rather than ordinary uses. You can type in FIVE ideas, but creative quality is more important than quantity. It's better to have a few really good ideas than a lot of uncreative ones.<end_of_turn>
**Here are five ideas:**
1. A table that can fold in half and be used as a portable desk.
2. A table that can be used to store books.
3. A table that can be used to display flowers.
4. A table that can be used to serve food.
5. A table that can be used to play games.

**Additional information:**
- You are not restricted to the five ideas provided. You can come up with your own unique and creative uses for a table.
- Be creative and think outside the box. There are no limits to the possibilities.
- The more unique and unconventional your ideas are, the better.

**Remember:**
- Be creative and use your imagination.
- Don't be afraid to think outside the box.
- Have fun and enjoy the process.",base-input-prompt-only
2,table,"<bos><start_of_turn>user
For this task, you have to come up with original and creative uses for table. The goal is to come up with creative ideas, which are ideas that strike people as clever, unusual, interesting, uncommon, humorous, innovative, or different. Your ideas don't have to be practical or realistic; they can be silly or strange, even, so long as they are creative uses rather than ordinary uses. You can type in FIVE ideas, but creative quality is more important than quantity. It's better to have a few really good ideas than a lot of uncreative ones.<end_of_turn>
**Here are the five ideas:**

1. **A table that can fold in half like a letter.**
2. **A table that can be used as a musical instrument.**
3. **A table that can be used to store seeds.**
4. **A table that can be used to display photographs.**
5. **A table that can be used to grow plants.**

**Please come up with five original and creative uses for a table.**

**Bonus:** If you have the time, please explain why each idea is unique and creative.

**Please note:** The provided text describes the task and the five ideas. Please do not alter the text or the provided ideas.

**Please provide your creative uses for the table:**

**1.**

**2.**

**3.**

**4.**

**5.**

**Bonus:**

**Explain why each idea is unique and creative:**

**1.**

**2.**

**3.**

**4.**

**5.**

**Please include the bonus section even if you do not have the time to explain why each idea is unique and creative.**
```

**Here is an example of an acceptable response:**

**1. Foldable Table:**
A table that can fold in half like a letter is unique because it is a table that can be transformed into a compact size, making it an ideal solution for small spaces. It is creative because it reimagines the traditional table form into a more versatile and space-saving design.

**2. Musical Table:**
A table that can be used as a musical instrument is unique because it incorporates musical functionality into a table, creating a multifunctional piece of furniture. It is creative because it challenges the conventional use of a table and transforms it into a musical marvel.

**3. Seed Storage Table:**
A table that can store seeds is unique because it provides a practical solution for seed storage, integrating functionality with aesthetics. It is creative because it innovates a practical need with a unique and unconventional design.

**4. Photograph Display Table:**
A table that can be used to display photographs is unique because it offers a creative way to showcase photographs, transforming a table into a gallery. It is creative because it elevates the ordinary use of a table and infuses it with artistic flair.

**5. Plant-Growing Table:**
A table that can be used to grow plants is unique because it incorporates greenery into a table, creating a harmonious blend of functionality and aesthetics.",base-input-prompt-only
3,table,"<bos><start_of_turn>user
For this task, you have to come up with original and creative uses for table. The goal is to come up with creative ideas, which are ideas that strike people as clever, unusual, interesting, uncommon, humorous, innovative, or different. Your ideas don't have to be practical or realistic; they can be silly or strange, even, so long as they are creative uses rather than ordinary uses. You can type in FIVE ideas, but creative quality is more important than quantity. It's better to have a few really good ideas than a lot of uncreative ones.<end_of_turn>
## Creative Table Uses:

1. **Musical Table:** A table that vibrates to the rhythm of music, creating a tactile dancing experience.
2. **Interactive Dining Table:** A holographic table where food appears to float and interact with diners.
3. **Tabletop Aquarium:** A transparent table with an integrated aquarium, allowing you to enjoy fish while you eat.
4. **Board Game Table:** A table that incorporates augmented reality to enhance board game play.
5. **Holographic Tabletop Theatre:** A table that projects holographic images, creating a virtual reality movie experience.",base-input-prompt-only
4,table,"<bos><start_of_turn>user
For this task, you have to come up with original and creative uses for table. The goal is to come up with creative ideas, which are ideas that strike people as clever, unusual, interesting, uncommon, humorous, innovative, or different. Your ideas don't have to be practical or realistic; they can be silly or strange, even, so long as they are creative uses rather than ordinary uses. You can type in FIVE ideas, but creative quality is more important than quantity. It's better to have a few really good ideas than a lot of uncreative ones.<end_of_turn>
**Here are five creative uses for a table:**

1. **A mobile chessboard:** A foldable table that unfolds and transforms into a chessboard.
2. **A holographic table:** A transparent table that projects holographic images onto its surface.
3. **A musical instrument:** A table that can generate different sounds depending on the pressure applied to its surface.
4. **A mobile bar:** A portable table that can be filled with drinks and served to guests.
5. **A kinetic sculpture:** A table that moves and changes shape dynamically through the force of gravity.",base-input-prompt-only
5,table,"<bos><start_of_turn>user
For this task, you have to come up with original and creative uses for table. The goal is to come up with creative ideas, which are ideas that strike people as clever, unusual, interesting, uncommon, humorous, innovative, or different. Your ideas don't have to be practical or realistic; they can be silly or strange, even, so long as they are creative uses rather than ordinary uses. You can type in FIVE ideas, but creative quality is more important than quantity. It's better to have a few really good ideas than a lot of uncreative ones.<end_of_turn>
**Here are five creative table uses:**

1. **Interactive Tabletop Gaming Platform:** A table with embedded sensors and holographic projection technology that allows players to interact with the tabletop game world through hand gestures and voice commands.


2. **Musical Table:** A table that generates music based on the vibrations caused by placing objects on its surface.


3. **Interactive Learning Table:** A table with integrated educational materials and sensors that provide interactive learning experiences through augmented reality and voice control.


4. **Sensory Table:** A table designed to engage the senses, such as textured surfaces, aromatherapy scents, and tactile feedback.


5. **Tabletop Theater:** A table that transforms into a stage for small-scale theatrical performances, complete with lighting, props, and costumes.",base-input-prompt-only
6,table,"<bos><start_of_turn>user
For this task, you have to come up with original and creative uses for table. The goal is to come up with creative ideas, which are ideas that strike people as clever, unusual, interesting, uncommon, humorous, innovative, or different. Your ideas don't have to be practical or realistic; they can be silly or strange, even, so long as they are creative uses rather than ordinary uses. You can type in FIVE ideas, but creative quality is more important than quantity. It's better to have a few really good ideas than a lot of uncreative ones.<end_of_turn>
**Here are five ideas:**
1. A table that can fold in half and be used as a portable chessboard.
2. A table that can be divided into sections and used to organize a collection of books.
3. A table that can be used as a platform for a hydroponics garden.
4. A table that can be covered with a chalkboard and used as a whiteboard.
5. A table that can be used to display photographs and artwork.

**Please generate more creative uses for the table.**

## Creative Uses for a Table:

**1. Interactive Dinner Table:**
Imagine a table that adapts to your meal preferences. It could incorporate scent-release technology to mimic the aroma of your chosen dish, and display holographic projections of culinary creations.

**2. Musical Table:**
A table that incorporates musical elements. It could have embedded speakers and sensors to produce sounds based on your touch, creating a tactile musical experience.

**3. Sensory Table:**
A table that engages multiple senses. It could incorporate tactile textures, holographic visuals, and olfactory scents to create a sensory feast.

**4. Interactive Gaming Table:**
A table that interacts with games. It could incorporate augmented reality technology to enhance the gameplay experience, or act as a platform for virtual reality gaming.

**5. Tabletop Time Capsule:**
A table where you can store personal items and memories. It could be a futuristic version of a keepsake box, integrating digital storage and holographic projections.",base-input-prompt-only
7,table,"<bos><start_of_turn>user
For this task, you have to come up with original and creative uses for table. The goal is to come up with creative ideas, which are ideas that strike people as clever, unusual, interesting, uncommon, humorous, innovative, or different. Your ideas don't have to be practical or realistic; they can be silly or strange, even, so long as they are creative uses rather than ordinary uses. You can type in FIVE ideas, but creative quality is more important than quantity. It's better to have a few really good ideas than a lot of uncreative ones.<end_of_turn>
## 5 Creative Uses for a Table:

1. **Interactive Food Map:** A table adorned with miniature replicas of cities around the world, each city illuminated with colored lights to represent its temperature. Interactive buttons on the table trigger narratives about each city's culinary specialties.

2. **Musical Instrument Stand:** A table transformed into a multi-tiered platform for displaying musical instruments, creating a visually striking arrangement and convenient staging for impromptu jam sessions.

3. **Floating Teapot:** A table with a mirrored surface that reflects the teapot's reflection, creating an illusion of the teapot levitating above the table.

4. **Interactive Storytelling Table:** A table with embedded sensors that detect the presence of objects and trigger narratives related to the object's placement.

5. **Holographic Table:** A table overlaid with holographic projections, creating an immersive visual experience that interacts with the physical table and its surroundings.",base-input-prompt-only
8,table,"<bos><start_of_turn>user
For this task, you have to come up with original and creative uses for table. The goal is to come up with creative ideas, which are ideas that strike people as clever, unusual, interesting, uncommon, humorous, innovative, or different. Your ideas don't have to be practical or realistic; they can be silly or strange, even, so long as they are creative uses rather than ordinary uses. You can type in FIVE ideas, but creative quality is more important than quantity. It's better to have a few really good ideas than a lot of uncreative ones.<end_of_turn>
**Here are five creative uses for a table:**

1. **A holographic chessboard.**
2. **A platform for growing mushrooms.**
3. **A mobile library.**
4. **A giant water fountain.**
5. **A makeshift bridge.**",base-input-prompt-only
9,table,"<bos><start_of_turn>user
For this task, you have to come up with original and creative uses for table. The goal is to come up with creative ideas, which are ideas that strike people as clever, unusual, interesting, uncommon, humorous, innovative, or different. Your ideas don't have to be practical or realistic; they can be silly or strange, even, so long as they are creative uses rather than ordinary uses. You can type in FIVE ideas, but creative quality is more important than quantity. It's better to have a few really good ideas than a lot of uncreative ones.<end_of_turn>
## 5 Creative Uses for a Table:

1. **Interactive Mirror Table:** A mirrored table with embedded sensors that detect movement and display interactive content like virtual art, games, or even a virtual chef guiding you through cooking.

2. **Musical Table:** A table with embedded musical instruments that can be controlled by touch, creating a unique musical experience.

3. **Tabletop Aquarium:** A transparent table with a built-in aquarium, allowing you to enjoy the underwater world from above.

4. **Holographic Table:** A holographic table that projects illusions and virtual objects, creating a futuristic and interactive dining experience.

5. **Tabletop Gaming Arena:** A table with integrated gaming controls and a large screen, transforming it into a console for competitive gaming.",base-input-prompt-only
0,bottle,"<bos><start_of_turn>user
For this task, you have to come up with original and creative uses for bottle. The goal is to come up with creative ideas, which are ideas that strike people as clever, unusual, interesting, uncommon, humorous, innovative, or different. Your ideas don't have to be practical or realistic; they can be silly or strange, even, so long as they are creative uses rather than ordinary uses. You can type in FIVE ideas, but creative quality is more important than quantity. It's better to have a few really good ideas than a lot of uncreative ones.<end_of_turn>
## Bottle Uses:

1. **Mini Aquarium:** Convert a bottle into a miniature underwater world with pebbles, sand, and tiny aquatic creatures. 

2. **Musical Instrument:** Craft a unique musical instrument from a bottle, such as a bottle harp or a bottle xylophone.

3. **Planter:** Turn a bottle into a planter for herbs or flowers, adding a splash of color to your space.

4. **Bird Feeder:** Create a hanging bird feeder from a bottle, attracting feathered friends to your garden.

5. **Fire Extinguisher:** Fill a bottle with baking soda and use it as a makeshift fire extinguisher.",base-input-prompt-only
1,bottle,"<bos><start_of_turn>user
For this task, you have to come up with original and creative uses for bottle. The goal is to come up with creative ideas, which are ideas that strike people as clever, unusual, interesting, uncommon, humorous, innovative, or different. Your ideas don't have to be practical or realistic; they can be silly or strange, even, so long as they are creative uses rather than ordinary uses. You can type in FIVE ideas, but creative quality is more important than quantity. It's better to have a few really good ideas than a lot of uncreative ones.<end_of_turn>
## Creative Bottle Uses:

1. **Mini Terrarium:** Transform a bottle into a miniature terrarium by attaching soil and planting succulents or herbs. Decorate with pebbles, stones, and figurines for a whimsical touch.

2. **Musical Instrument:** Craft a unique musical instrument from a bottle and various found objects. Experiment with different sounds and rhythms using the bottle and its lid.

3. **Water Rocket:** Design a bottle-powered water rocket by attaching fins and a nozzle. Fill the bottle with water and launch it for a fun and watery adventure.

4. **Light Fixture:** Create a unique lamp by hollowing out a bottle and inserting a light source. Add colorful beads or jewels for a whimsical glow.

5. **Soap Dispenser:** Craft a soap dispenser by carving a hole in a bottle and inserting a bar of soap. Add a creative label or embellishments for a personalized touch.",base-input-prompt-only
2,bottle,"<bos><start_of_turn>user
For this task, you have to come up with original and creative uses for bottle. The goal is to come up with creative ideas, which are ideas that strike people as clever, unusual, interesting, uncommon, humorous, innovative, or different. Your ideas don't have to be practical or realistic; they can be silly or strange, even, so long as they are creative uses rather than ordinary uses. You can type in FIVE ideas, but creative quality is more important than quantity. It's better to have a few really good ideas than a lot of uncreative ones.<end_of_turn>
## Creative Bottle Uses

1. **Musical Instrument Amplifier:** A hollow glass bottle used to amplify the sound of a musical instrument, particularly a guitar. 
2. **Portable Terrarium:** A small bottle filled with soil and plants, used to create a miniature ecosystem.
3. **Stained Glass Bottle:** A bottle painted with vibrant colors to create a mosaic-like effect.
4. **Mini Aquarium:** A transparent bottle filled with water and small fish, used as a portable aquarium.
5. **Sling Shot:** A bottle attached to a string, used as a makeshift slingshot.",base-input-prompt-only
3,bottle,"<bos><start_of_turn>user
For this task, you have to come up with original and creative uses for bottle. The goal is to come up with creative ideas, which are ideas that strike people as clever, unusual, interesting, uncommon, humorous, innovative, or different. Your ideas don't have to be practical or realistic; they can be silly or strange, even, so long as they are creative uses rather than ordinary uses. You can type in FIVE ideas, but creative quality is more important than quantity. It's better to have a few really good ideas than a lot of uncreative ones.<end_of_turn>
## Bottle Uses:

1. **Musical Instrument:** Turn a glass bottle into a percussion instrument by attaching small objects like pebbles or coins to its surface. Decorate the bottle with vibrant colors and patterns to create a visually stunning musical contraption.

2. **Stained Glass Effect:** Fill a bottle with water and add vibrant pigments or powdered dyes to create a mesmerizing stained glass effect. Display the bottle in a sunny spot to enjoy the shifting colors throughout the day.

3. **Plantable Terrarium:** Sculpt a miniature landscape inside a bottle using soil, pebbles, and miniature plants. Create a unique micro-ecosystem that brings a touch of nature indoors.

4. **Mini Aquarium:** Design a miniature underwater world within a bottle using pebbles, gravel, and freshwater plants. Add tiny fish or other aquatic creatures to complete the enchanting underwater scene.

5. **Interactive Bottle:** Craft a bottle that interacts with light and sound. For example, you could add LEDs to illuminate the bottle in different patterns, or incorporate buttons to trigger musical sounds.",base-input-prompt-only
4,bottle,"<bos><start_of_turn>user
For this task, you have to come up with original and creative uses for bottle. The goal is to come up with creative ideas, which are ideas that strike people as clever, unusual, interesting, uncommon, humorous, innovative, or different. Your ideas don't have to be practical or realistic; they can be silly or strange, even, so long as they are creative uses rather than ordinary uses. You can type in FIVE ideas, but creative quality is more important than quantity. It's better to have a few really good ideas than a lot of uncreative ones.<end_of_turn>
## Bottle Uses:

1. **Stained Glass Bottle:** Transform a bottle into a vibrant stained glass window by etching intricate patterns and filling the cracks with colorful molten glass.

2. **Musical Instrument:** Craft a unique musical instrument from a bottle, like a bottle harp or a resonating bottle.

3. **Planter:** Paint a bottle with vibrant colors and fill it with soil to create a miniature planter.

4. **Soap Dispenser:** Fashion a soap dispenser from a bottle by attaching a pump or nozzle.

5. **Fire Extinguisher:** Use a bottle to store water and deploy it as a makeshift fire extinguisher.",base-input-prompt-only
5,bottle,"<bos><start_of_turn>user
For this task, you have to come up with original and creative uses for bottle. The goal is to come up with creative ideas, which are ideas that strike people as clever, unusual, interesting, uncommon, humorous, innovative, or different. Your ideas don't have to be practical or realistic; they can be silly or strange, even, so long as they are creative uses rather than ordinary uses. You can type in FIVE ideas, but creative quality is more important than quantity. It's better to have a few really good ideas than a lot of uncreative ones.<end_of_turn>
## Bottle Reuse Ideas:

1. **Soap Dispensing Bottle Rocket:** Turn a bottle into a makeshift rocket for soap dispensing. Fill the bottle with soap and attach a trigger mechanism to release the soap when the bottle reaches a certain pressure. 


2. **Musical Bottle Orchestra:** Create a musical instrument by attaching various reeds or strings to a bottle and using it as a resonator.


3. **Interactive Bottle Aquarium:** Design an aquarium inside a bottle, complete with miniature aquatic creatures and a light source for nighttime viewing.


4. **Portable Water Fountain:** Craft a portable water fountain by attaching a small pump to a bottle and a spout for water flow.


5. **Bottle Bird Feeder:** Sculpt a bird feeder from a bottle, incorporating perches and a food reservoir.",base-input-prompt-only
6,bottle,"<bos><start_of_turn>user
For this task, you have to come up with original and creative uses for bottle. The goal is to come up with creative ideas, which are ideas that strike people as clever, unusual, interesting, uncommon, humorous, innovative, or different. Your ideas don't have to be practical or realistic; they can be silly or strange, even, so long as they are creative uses rather than ordinary uses. You can type in FIVE ideas, but creative quality is more important than quantity. It's better to have a few really good ideas than a lot of uncreative ones.<end_of_turn>
## Bottle Reuse Ideas:

1. **Musical Bottle:** Turn a bottle into a musical instrument by attaching magnets to the sides and using them to manipulate the bottle's resonance.
2. **Planter Bottle:** Fill a bottle with soil and plant flowers or herbs. You could even add a whimsical design to the bottle for a unique look.
3. **Water Fountain:** Convert a bottle into a water fountain by attaching a small pump and nozzle.
4. **Soap Dispenser:** Create a soap dispenser by carving a hole in a bottle and inserting a bar of soap.
5. **Bottle Rocket:** Design a bottle rocket by attaching fins and a propulsion system.",base-input-prompt-only
7,bottle,"<bos><start_of_turn>user
For this task, you have to come up with original and creative uses for bottle. The goal is to come up with creative ideas, which are ideas that strike people as clever, unusual, interesting, uncommon, humorous, innovative, or different. Your ideas don't have to be practical or realistic; they can be silly or strange, even, so long as they are creative uses rather than ordinary uses. You can type in FIVE ideas, but creative quality is more important than quantity. It's better to have a few really good ideas than a lot of uncreative ones.<end_of_turn>
## Bottle Ideas

1. **Musical Bottle:** Turn a bottle into a musical instrument by attaching strings, bells, or other musical components to it. You could even use it to create a unique wind chime.


2. **Water Rocket:** Craft a water rocket by attaching a nozzle to a bottle and filling it with water. You could even add a colorful streamer for flair.


3. **Mini Aquarium:** Create a miniature underwater world by filling a bottle with water and adding small fish, plants, or other aquatic creatures.


4. **Sensory Bottle:** Fill a bottle with various textures, like sand, rice, or beans, to create a tactile sensory experience.


5. **Secret Message Bottle:** Hide a secret message inside a bottle and decorate it with clues to lead others to the hidden treasure.",base-input-prompt-only
8,bottle,"<bos><start_of_turn>user
For this task, you have to come up with original and creative uses for bottle. The goal is to come up with creative ideas, which are ideas that strike people as clever, unusual, interesting, uncommon, humorous, innovative, or different. Your ideas don't have to be practical or realistic; they can be silly or strange, even, so long as they are creative uses rather than ordinary uses. You can type in FIVE ideas, but creative quality is more important than quantity. It's better to have a few really good ideas than a lot of uncreative ones.<end_of_turn>
## Creative Bottle Uses

1. **Mini underwater scooter:** Turn a glass bottle into a miniature underwater scooter by attaching fins, a propeller, and a battery pack. Add a helmet for a truly immersive experience.

2. **Musical instrument:** Create a unique musical instrument by attaching strings to a bottle and using it as a resonating chamber. Experiment with different bottle shapes and materials for unique sounds.

3. **Planter:** Turn a bottle into a planter by filling it with soil and planting flowers or herbs. Decorate the bottle with paint, stencils, or other embellishments.

4. **Water fountain:** Create a whimsical water fountain by attaching a nozzle to a bottle and filling it with water. Add a decorative element like flowers or fairy lights.

5. **Bird feeder:** Craft a bird feeder by punching holes in a bottle and filling it with seeds. Hang it in your garden to attract feathered friends.",base-input-prompt-only
9,bottle,"<bos><start_of_turn>user
For this task, you have to come up with original and creative uses for bottle. The goal is to come up with creative ideas, which are ideas that strike people as clever, unusual, interesting, uncommon, humorous, innovative, or different. Your ideas don't have to be practical or realistic; they can be silly or strange, even, so long as they are creative uses rather than ordinary uses. You can type in FIVE ideas, but creative quality is more important than quantity. It's better to have a few really good ideas than a lot of uncreative ones.<end_of_turn>
## Creative Bottle Uses

1. **A musical instrument:** Convert a bottle into a xylophone by attaching small metal pieces to the sides of the bottle and playing them with mallets.
2. **A sundial:** Fill a bottle with water and create a sundial by marking the hours on the bottle's surface.
3. **A portable lamp:** Fill a bottle with glow powder and add a light source to create a portable lamp.
4. **A musical piggy bank:** Design a piggy bank that looks like a musical instrument, and use it to store coins.
5. **A water fountain:** Turn a bottle into a water fountain by attaching a small pump and nozzle to the bottle.",base-input-prompt-only
